puzzle,difficulty
.95......2...1...44.......31...4.6.5...6357..7..8.......93..8......6......1...9.6,1
.5..63....9....8.......2.1.4....1.2..3..........3....77.2...4....39.5...5...8.26.,1
...1...28682....5......3.....8..2..9..1...3......4....5.4..8...2.9..4.6..1...5.42,1
....8....5..74.9..7......4326.3.5..7...2...........1....49.2.751.3..4....2.......,1
.2....39.49..76......2.1...3....7...9....4..3.68...91.........9.4..6.7.....4.35..,1
..1..........1.46.625.3.7...48...5.7.6...9.2.3...2....7.......9...8....5.5...2..6,1
...4.3.7......2..1...1..86.3.6..9.....7..4.5........327.....1.6.9...6...2...8...5,1
...9......3...8.6..724...835......36...........78.4..1..8.7..........3....12..95.,1
..3...9.....6.8..3682.9.1..57.....2...9.....7.6...1.5.8..2.....1.....79..9.4....6,1
....8....9..5...748..7.....4..6..9.....8..51....1....7..7..1...3..2..1...14.36...,1
72..........2.3.1.8...9..6..1............9.2.6.438...7.....54...478....92..6.....,1
....321....8......2.5..896.........38.1..9.56.6.5....1....9.7....3784........5...,1
2....6....9..52..7..6...3...8..6..31.2.91...8......27.8.....4..4..1.....76..2...5,1
......4..8.74..1..3....8...........51...9...2..2...34..4.71..939........26.....14,1
..47..1.2...........5.2..39.1654...73..1...6.4........12.6.........72.9..8...3...,1
9..7.....83...1....2.59...8...1.58.94.1..8.5....4.....2.....7.......96..1..8.2..5,1
1..2.8..7....7...8.5....9.64........5.......2...36.18..........9..18..3..7..35...,1
27..9....9....8173.5....6..721..9........35......4.........5......4.2.81.9.18..6.,1
..3....2......2.5458.9......7.4.1...6.....3.....2.........8..3974......1.5..1....,1
.......87.2.9....537....4...36......1976.42..4.......8.1......92..1958.....2.....,1
........3...1......3.5.74.....4...7..6.27.1..1.....8.9..9...3.4.78..4.96.5.....8.,1
...7..82.1.............1..5.3..29....9.56..4.....4......2...46.7...9..5.36...2..7,1
8..4.....9..7.1..4..6.....9.2....48.....56.........9...57.....21...3....6...2...7,1
....67..2..4....86.7........18.........2...3.96.7.4...43........826..4..1...8.5..,1
.9.6..1.8....8.9....37...6.5...3.....61.5...7.......42.2...1...1....7..4......8..,1
.7....2.3...9....6....53.......198..73.......4.13..5....61.2.4..9...81....8......,1
..3..4189...61.........9....1.4.52.33.....96......8..1..7....5....7.....2.83...9.,1
.7...8.....4.31..7..3..41.6....4.56.....8.4.........12128......9......7.5...2.3..,1
.8..36....4....9....7.....587.6...1.6.......9.9.2.....9...41....2.8....65.....7.4,1
1.7....5.5...429...........48..7...1..5.9..2.....3..4..7...951.8.....6...1...8..9,1
.....193.......1.....4.8..7..2.39..59.......24.8......1......7..8.79.2....9.52.6.,1
857....34...7.8....3...4....8..42.......6.5..9...1..23......2453.29...7..........,1
8.5.4.......82....9....3.5.........45.7.8...24..9....6...4....3.4.7.8.2..3....9.7,1
..2...53.........6....58...8.......5395..2....4....72........4.9861........7.9.81,1
..2..6..3.6..13.59..79.2....7.....9..956...1...12.8.3.....7..8.......6.....3....5,1
.8....4.2...6.2...9...1...36...........9.715......5.3.........68.459....29......8,1
2..8.1..41.75.......4....2.96.3.......8.....1....4.683....7.546....1.........53..,1
.5..4..6...679....7....8.......65.8.9..............2.13.....85..6..1...4.7.4.9...,1
.2......3....4.8...4.5.7.2..1.9.....8..7...5..6..1..8.93......76...9..........2.6,1
..8.7....2..5......43...6....4..1..81...9..3...9.83..69.5..........6.82..3.2.....,1
..1......8....1....57.....64.81..76.3......9.6..42.3......389.......5....8.69..7.,1
.9........23...8....8.971..28.....65...7.6.......4..3....9..4...1.....98..24...7.,1
.....5.7926.7.......8......31.47..9.......7...9.8..1......8.4.2...19..5..7...2...,1
..1....6....5..91.7.....2..4..2.8..381.......6.7....5....6..4.22..93.....8.1.....,1
.......1..894.17..4...7.2.3........454...9...9....2...7..3..5.62.65.........1....,1
3.1.6.....6......5..9......683..5.4.....8497...........2....7.8.5..18..2.......9.,1
...1.6..5.31..4...4...8..7....6....8......6...58...42......591..82.9....1.....7.2,1
4..8.7......6...7576.49..2..2.5.....64..8.2..1.3.6..5....3.....9......1....7..6..,1
6.......8.32....1.....5..42.8..7....5193.........2.........46......97..53..6...94,1
....3.5.7.....219......8.631....6...5.31........289....58.1..4.......93.2.7......,1
.9.5..8......6..171....9.34.6..8......1..2...2..15....51....4.8.3.....76..8.....3,1
...3.184............2..5..33..1.9....4.....6..78....51.9......41..7.8......5..78.,1
.7....1.53..61..........3.6..6.4.28.25...6....1..37...1...8......85....3.........,1
...2.6...7.49..2.6..9.........675..1......76..3....9...83...57......46......2...9,1
..1........861...4592..48.1..92........459..7...7..5.3.6...8.2....9...........3..,1
.6..8.7....1.2.4.........6..5.8..1......4........5.8.963....5..2..7....8.97..1..3,1
.5..27.8....38...4..29..........1.7621.4......7...51.9.........13.......4.5.....1,1
7.....4...8.6..9...1.4....8.........2..96..3.....13.67..5.9.....4.....7.139.7....,1
6...91.8.....53..4...7..5....9..617.81.......7.6.....5.8.63...1....19...32.....5.,1
73....5.8...9..2.....3.....6.2.5....34...2..1..7......21......7...8..41...57....3,1
.4...5....7.214..8..2......3.4....8...1.4....5...6...9.5.6..3..6.....1....7.....5,1
....3..4.5.......8..3.59...2.9...5.6...3.........42.....179....3......8.8...1.6..,1
1..7....4.......6..7..8.3..8....9..13.2............42...3..82...4...5...9..1.3.7.,1
.8.....5...9......63..9.1...93....4......5..24.2....96..42.1.6...8.5.4......6..7.,1
...61......28.35..8.3.941.......9761......9..4....13.......6...31.....2.987....3.,1
...6..4.2.2...89.......4.5.29.8.5.6.3..........84.6........914..4...753.9..1..7..,1
......39.17.........35..2.89.5...7.......3.6..3.49.....8...45...5.9.74.2.4.....87,1
...6..3.......15....48.3...1......9..9..468...7.1......47.25...3..7.....5.8.6.2..,1
.......5......62..69.13..4.1.98..6..2..6.....7.....3.43......8...249............1,1
....32...9.25...4..15.4...985....6..46...87...........183.5.......8..47.........1,1
......3....31...27.5....61.....278....9.8..4.23....7..3.5..4..9.8.7.6......5.....,1
..75.....9...8....2....9.1..8..637.......8.....41.2....45........1..6.5.76....8.2,1
..4...9.5........17..3..6...3.1....9...5...36..2.6.4...9..7....6...298..2.1......,1
............89.657....13.2.............9.827..965.....9......4.74....3..1.87.2...,1
.5...8......574...6..........38.29...4.....857.2.5..6...5....9.....263...61...8..,1
8..5..7...37.8.9.24..1...3......9....2..5.6.7..12.......9....8..1.6..........7...,1
1........4...69.7....2.3.8..2.......5.......38..1.64...65.....9....857.........2.,1
.5.....1.6.3..9........869.....83......1..78..19..2...7.......2.8..5..4..3....1.5,1
..7...9.....5.8.......4.5.2..4..16..35.....2.6..82.....4.....3.9.16........18...5,1
...8.7.43....6..7.6....5...5....1.3.16....9...7..........9.8.5..5.63.19.8.4......,1
...4...18....3...4.......6.14.7...2..9........57..8...3.2.56.4...6....824..38....,1
....1.82...8....1..32..47......53......27....4..8...6..59.6..8..8.........6.3...9,1
.4.8..31.....3.......9...27.962....132.4.1..9.....7....65.2..4..........1...5..3.,1
..4..63....5....2.....13..869..2...........51....49.....79......6...54...3....6.9,1
..8.124....5...7.27..6....85.....8....3..8..7.1..253..4...6....1...9..5..........,1
...9....4.724.......457.9..23..54..1....2..65..........8....4.9...2.3.5......87..,1
...7.3.2........46.91..4.5...5.3....8.6......23......1.2...9..4...6....85..4..93.,1
............61.452..57.2..9.9.8.....2.4.7.3.....5...9.8...36.........5.4...1.9.6.,1
...8.92...4......3.8..6.57..5....6....67.8.5.4.1..5.....93.....36...1....1....8.9,1
...2..6.......5..9.....1.....8.1.3....76......95..2...3.......7.1.8.652..2...41..,1
...7...6.2....49.8..1....4.9.5...6.7...2...3.48.......5.864.....1.5.7.....9.8....,1
.....61...12......5....4........5..74.52..6......8.24..73.1......8.4..3..2.76..1.,1
.4....3..5..1.....3.1.7.....6.7....99.....2..13...........5..7..94..36.8....8...2,1
...25.4......761...7..3....8.4.1..73.6.....943....26..5..4..........1...4.7.2....,1
1....46.5..48...2...2.97...5..6..3...8...1..7.......1.92.....8.....7.5....6.....2,1
.3......8...5.....68.14......73.2......61...5..1....69...8.74.......9817..6......,1
...2..1.5.1..5...685...32......89...43..6....2.6....4.6.1.3...2......4.........7.,1
14...357....89......7...3.8.......933...49...45.....6..8...4..7...6.215..........,1
..89...5.....862..94.12.....1...937......7..1.67......5.......2..9.....8.....19.4,1
1...8...53...5...8..4..7.....9....7.84...19....1.....2...63.4...5..4.2....6.....7,1
.4..2....6.8..79....54.9...4.....2...1.6.8.4..79...1..2...9.6.........1....8.57..,2
......16...6.....27...4.......3..978.1.....3.9....4...34......7.....32....87.1..6,2
82...9......5....9.....1.6...1.82..6.5.........7....4..7..4521..4.7...........8..,2
...1....5....59483.......1.6.5..2.....13....7.8..1..5..5..91..22.........476.8...,2
.......23.45.31.........8...8.37...6.37.6.4...62.9........2.1....3..9.678........,2
.2....1.4..96..5..4......7..5....8....34.2...1..8......46..5..38...3....9.2.....1,2
...6..4......39.1.6....2..983...6...25...1.86.4.5..7........2....9.53.7..8.......,2
..4.2.63.65.1.....1...6..2..71....4.....7.8..8..4.1.7..2....96.3....52....9......,2
...6.2.........5..48..35..959...8.3....7...9.8....3..293....1..2...7.3...5.......,2
1..5...34...........69.41........2..6.7..23..5.8.......692.5.8....3..96....4...5.,2
5....9.8...2.86...6.87..5.4......4.....47.....57..1.9.2......3......79.6.16......,2
1.......3..64..81...3...7..8....4......5.13..9......4......9.6..4..5.2....2.6..5.,2
..94.23.6......29...1......3..126....853....4....8.1....6.....8.4..3........48..5,2
2....8.9.........7.78..2.....3.8..4.41.7.63...865.....152.........95.....4...7...,2
..2...6.1.8......5..36...2.1..2...4..2.4..1..8.9..3......3.6..8...8...13....25..4,2
.78.3.6.....6...5.3......8..4....9.3...94......25.......4.6.2.82.37..5.41..2.....,2
......6...7..52...8.5....9....2.....4..9.65.8.91..8.3.94......3...........6.4.97.,2
...12.89.2..3.5.64..8.9...56.571..4..24..9.3..8.2......4.....1.......5...9.......,2
..7...6...3891...2.....4.....36..8.428....375..........14......7......9..5..71.3.,2
7.5.....642...98.....5.....9.3.81....7.3..4........19....9.........62.....9.1532.,2
.......4....276.1..9....7.868...4.25..9..3.....7....8..2..4....87.1........8....4,2
.7...84..9.2.....81..........48.5.......39.........3.2.....69..2.....75...81.4...,2
....426.....5.9.....9...87.4..7.1..681.........2...4.5..3..6....2.15....7........,2
.....87...8.6.....7.325....2.47...1....5......1....6.39.....1.8....7.5...68..3...,2
....7.21..28..3......59..73......3....2.....9...127.5.35..4..9114....5..........4,2
....5....6..3..78.8.2..6.4.2.4.........5.3..9.6..72....97....6.....3....51.4...9.,2
....69...7...5...4.2....8......91....9.4...2.......3.7.32..6.75.8...261.57.......,2
..956..7............71.395.......1....48.2....85.7.....2.6....4......529...3..7..,2
....7..23.5...8......9...8...1.83...6.7..48...4........9......68..2495.7....5.4..,2
..8.15...7..8............2....15...2.93..........27.43.3574.....7......61....925.,2
18.54....7.....98...........5.9..2...9..87..6..6...3....5.1.7...........4.3.76...,2
...9..3.18.63.......4.15.....7..9..5...1....7..8...63...5...48..4.....166....47..,2
.1....5..5.8.9.....3..2.....647.9...2.9.4............8...17.6..8....64.9......3.1,2
..5...8.16........4....1..7...78...3..9....2.5....6.7.....789.....4..1....32....6,2
..7...9..58.9..1..1..7.63...49..7.6...8....91.............34....6..1..5..5......8,2
....3.......2..58.4.8.1..699..3..7...6.1.....23...4..1..4.....76...5.4....2......,2
.72..3....1.4....6.........5.....7.11.....6...2.57...8.....2.9.....9.8358...4....,2
2.149...3....5........3.7....37.28.9.....9.....8....1...7......1..32..9.4.....5..,2
.5.7..2........64...7....8.2..1..4....8.7.......53...912.6.....6..4..8....3......,2
.123...8..3.....46...6.........1...7..4..81..2..567...8..2..3....7.9.....6..4....,2
.......327..6..1...1.8..7.55....9.1..741.6.......5..798..........25..4...9.7.....,2
...1...36.....8...5..4....83587..4...4.8....7..6.9.2.....9...1...5......1...7..2.,2
.1....7.9......4.1..3..4.65..1.6..54.94......6....5...158....9.3.2...6.....7.....,2
........18...52.....14..63..67...1..4.....9.6.2...9.......8.2.....5....72..3...8.,2
4......5.3.....79..25.1.....3.........7.6.24...9..81..6..5....3.......2.75.3.9..6,2
..6.9.......2...5.8.73.4.......7......956...76...29.4....9...85.3...8.......1.6..,2
1......4...5..4.7..6..2...3.8....714...6.5..8.92.........1.84..3.......2.5....1..,2
.8....2..2.1.......75.4....9....46...27..6.8....5.1.....43......5.....2.3.....15.,2
.......1..29.3.5....5..4.....46.3....6..28..9......7...7.2..6....1...43.5....79..,2
2..5.3.........48......9.....6...87...5..4..1...2..5...4..6...9....4.1..869...2.4,2
.....4..79.21.......5....6....6...8...63....484.....5....9.58..3...269...6.....7.,2
...3....692...8.....624...........8...759...2.4........796.3..86..4...71.8..5.6..,2
..6....23.9.7..8........6.....8..7.64...1..........1..7....84..1..932...28.....1.,2
.....63...3.1.56...4.7.............91.2.4.......2.7.....6....4.....59..8579...1..,2
8.4...3.....2..8......6..5.51..8.4...9...2..1.........4..8..5.61..72......73.5...,2
5.3........9.....1.14..76.2...3.12.6...2.4....2.6..74.....3..9.......3.4..7..5...,2
.7.1..9.......4.3.....5.86.8.9....4.1..6.9....3......8.....5.1..6....7.3..3.4...5,2
9....4.8..3......5......2..5.....7...4.9.3.....1.....3...5.8.....2.76.5.71....4..,2
.2.....7886...7.....5.3.2......4..1....1.9..........26.529..8...9.......3.62....9,2
.....8.....86......1.2.73......4972.8..3.5..6..4.......72...9.......38....67....4,2
.8....72...3.6...1.4...3.....6...1...1..5.3.4.32.....7...6....53.9.75...8..9.2...,2
.......21.53....9.8.....37.9....7......4.......28.1...79..5.6..5....3.....86..5.4,2
.8....6.7.67....5...3.8..421..26....7.....3.......9..4.5..3........98.1.2.......8,2
..........6.2...13..8.39.......7..9..9...81.21....35....4.6..59.8........3...528.,2
........3.....57..2.6..3.4.5..1.8...9.1.6.3......3..5..2.47.86..6..2.5........13.,2
....7......1......9..38.14..3.1..........62592..9..3.18..............96545.6.38..,2
...........47.........81..28.1...6..3..9..5.....4...37.2659...8....7..19..8.3....,2
.......3.572.....6..3.5.8...4....9.7...8.....8...931..75.6...18.2...1..9.....52..,2
..7........94..63.....8...19.6.74.........4...1.....232....5.....493..7..3.....1.,2
254....9......3...7.12..5.....62..4.4.7.9...1......2..6..3..4....874..2......6...,2
...85.......6...34497..3....2......7...9...4.....2.9.6.4...7.523.8...4....5....7.,2
..123.........9.4.8..5....73..1...2......5.1.5..7.4..66.3....9......7....9.......,2
.7..52.........7..6..87...2.9....8......681...21....49...18..3....39...5..5......,2
4..59.....51.268......8.......9...74...6....9.34.....6.95........83...1.32....4..,2
.79...45......9.1....8..3..2.4..1....57.........5..9..7..28...4.2..4...81.......6,2
..1.5....48....7..9.3.8.....47.13..8.....6...2.....3.....498.6...........32.....1,2
9.......1..6..9...14..25...6.....38.....9..7.4..3...16....7..3..35...6.8.....47..,2
...9.1.26..2.....4.....8...3....6..1..7...2..15..4.3...4..39.85.1..7.4.........1.,2
.......62.3..1...5....3..1.2.......95.1....3.3..4.6....96...2.4...9.7.....7....8.,2
...7..9......2..7.9.6.8...4...2...4......1..25....78...48.1..65.....51...2......3,2
79..8.6.......5.4...1...8.....5...7...5...92.4..8....1.6..2....8.7..9.....4.7...6,2
37...6....98..24.....43..8..3....9...1.8.......7.6...3.....7.2954...........5.1..,2
..4.......28....3...9...6.....3..9.5....1....6125..4.......53.6....9.2..4..2.6.5.,2
....964..9...8...2....2..378.3.52.94...4.....65........6............32583.5.1....,2
.......19...5.1.......932.6.346.8....5..2.8...2..1...4.41.35.9.....7......8..4...,2
..6..9.1.35....4......6.7.....3..5..5..2...9.8..41...3.2......51......74..4......,2
7....2.3...6.......9..14.2.....268.5.4....1..3.........3.6...795...8......4..7...,2
2...79....3......1...86.5....9.....87...46...32....4.6.4.5.........2.8.31.....9..,2
.2....1.3..5.4......7....6.75.....94...6..2...9...3.7..1..68.....65...8....3.....,2
.....98....785..123.5......5..........6..2.......8.52..2..1..9.9.83....5...4.....,2
.56....8..8..4...9.271...46...8.15....2..........6.13..6..3..758...9.......7.....,2
....2...1..7.3.2.....6...43139.85..............89......5..48.....1...73.8.....59.,2
892...3...........3..7..286.45..7....2...1.4....6.....1.8.....7.5.2.......71..9.4,2
2...4..8...8...5.4......2.....931..6....6..72.....4...8.3..6...64..8...7..51.....,2
.......8.4.73.1.26..1...4........5.....8..1......97..2.16.2...3..26.....5...4....,2
..5.....3.4.5.1..28.........1.6.54.....943..5........8..3..276..6....2...87......,2
..4...8......276...2.6.....2...59..8..73..5.1........3.3..647.........5..8..1...2,2
........3.5..63..27..8......3..46.9......2.1..6..9.....7.....5...1...2.6...5..4..,2
6........9..5..2......4.31....6.....3.1...9........847.6..3..8.....76.5.2.51.....,2
....68.95.6.......5...........8.14.62...7.5....16...3..58..4......19...74.......1,2
..98..6...3...6.48.7.4...9...8...1.7..2....8.5..7.1....91......6....2..........35,3
.7........9..542....87....1.8.....19.15.9..7.4.....3.68.72.......2.....5.4..1....,3
.6.5..37...7......9..63...1.7....1.34.9....6.1...8....39......4..4..32.6....1....,3
...42...63..7..2.5...5..31...9.....2.5...7....1..8....643.....91..8.5........4...,3
..8.6.3.........2....851.9.6...9...4.7.6..9.3..1.......2.....45.....8..9..42.....,3
.....5..1.5...9.466.84...5...26.........92....7....9.8..1.3.7.......8..5.6.2...3.,3
3.........2.3....1..9.....6.6....8.5........49.5.63......58.4.7.8.29....4..6...5.,3
..3.27.9......9..6......5...4.7.5.2.5.1.8.........2...6.98...4185...........6....,3
2....7..6..89......5.6..7....71....3.....628.92..........894......3...1.5.4...8..,3
..7.....2681...3....9.5..6......82...4..9.6..5..7.6........1.8...58....3...5.4.9.,3
8.9..16..........4.3.2.6.7.7.........8.......3.4..9.5....7.451...5.8.9.........2.,3
......3..7..4....5....8.674..58....7..134...9....95.1.4.....2..3.........8.1...96,3
6..9..3...9...57....82........3..........621...15.2.8.32...........7...5.5.8....9,3
...87.5..4.....7.6.5.....8......2...7.2546.....53...2......9.3.23.4....9..6.....2,3
5.4.96..26.1..........5.....4.8............9.7..54..3......4.7..7.9....813.2..95.,3
5..4..........28....2.96.5.3.6.14.2...........4.8........6....8.1......2.6.9..513,3
3....4.5.......2.6.281....3..........7..3...24..7..6155..3.17......8.........93..,3
.....7...3....958..9.21.....3.1.2.......8..4...7...6...8.6.53...1..4..........2..,3
63.....51..49.3...5....2....8.36.........1...76.8..5......4..95....9.37....5..8..,3
............4...875.7..61.........21..97548....83.14.....2..3...3.....1..568.....,3
....58.7....4...69..69.2..48.9..67...7........3...985.218........32...........6..,3
..9......76...1..8.8....2.6....28.63.2..4685....7....45....4......35..8..91......,3
......1...8369.7..6..8....5.2731.........4....1.2..8........2..9...4.....7.....86,3
..1.........1.3...4.7.8..3..1..357..98.........6..9.4.7..9..5.6.........5.2....84,3
..4.......9.4.2..5...8..1.3.5.3...9........5.87..21.......3...74..28....91.....8.,3
..5..3.1....6..8.5..14.........6..9..9.8.....1.2.94..3.5.3....8...2.93.77...8...2,3
93...6..4..4..25....6...........5.934.....75.8.....4.1...32..7..1.9.8.......1...2,3
79..3.12.4........5...8...7..3....4...9...21.........5.....7..2.7.4...6.2..6.85..,3
.5..1.6.44.....7....7....59....5..1...97..4..821.........8....5...4.2..32......6.,3
...4.1.5.3.52......1..3...2..69.24......4....19.......7...1..9...3..65...4.....6.,3
...3....91..7.......9..57.3..5.9.1......2.6.7.1.......9.1...28..5.6...7.6.8...3..,3
.....5.6...7.....3....1..54.241..6.8....9.........627..16.......4....8.1..84.....,3
....83..96...27.8...3..........6..7..6....5.4.594....27.....2..3..95......8.4...5,3
1....9.....28..56..9.67.2...........5.6...71.9..3........72.....2.9..64......41..,3
5......3..4...35...7...8.2..5....87....2.9.......1.......3...4..827.1..3..9.6....,3
.3...5.87.8.6.......5..86....27.....96..2....7.....4.....1.3..4..92....8.......93,3
.....9........457....15..96..49..6.27....6..8....81..39...18....2......58.3...4..,3
.4...21...7......4......9.5..867.....3...4.....51.......7.298..6...5....8...6..32,3
2....61.8.1...8.....8..9.4...5.3...2.4.7..6...8....9.36.9...8...7.....2....5.....,3
.65...32..2.8....11....76.......5.4...1......45....83..32.9.5....91........2.....,3
.......8...235.....4.7..9...1........7.69....36...4.7.5.....14.1..2..7.....93...5,3
......54749.6..2...............41....2.....61.4.8..3..68...3..27....5.........95.,3
..6.........25..7....3.7.2.....1..548.2.4......3..91...51.........1....97.9..2...,3
.......95..5.7........3..181..2.....5.9.41.6..74..5....2....8...1.9.6.4.....1....,3
9....7....16.....4.4...896.6.4..9.3...83........56.2..4...........1..8.3..7......,3
.......4...5.86.1....41.7...1.9..........38.738.....51.6..7...873....4....8.9....,3
.........9.....31...5..8..67..16....1..7.52.....3.2.9..76.5....4....9....8.6.7...,3
.......2.....23..7.4...1...7.64....8..45....6..9...3.....3.8.9..8..7.46.19.6..7..,3
3..4.2.1.......29..89....3.1......7.59...4.....4..16...1.....279...8........3...1,3
....4.....6....498.7.....5.4....237...98.........69....2....1.6...7.5..33......8.,3
.5.3.......1.9..4...21..8..9...2.5.3.7........8....42..3..4.1...4...576.7..6.....,3
..1..9.....2.5.47.53.....2..8..........4..7..6...7.51.4..1...5..9.5..8..2..6.....,3
4.2.5..6.7...4.5....96.......43...9..81..2....26.14........762...5.9.4...........,3
7...8....9.23...5.....6.......8..32..6..5..7...5.4.........9..71.........8.....46,3
..19...2.4.......9..5..83...7...18.51..3..........5..7......4..2.986.......21.6..,3
3.8........7..28.4....75....89...6..6.4....1.1..5.8....96....25.....3..9.1.......,3
1.6.5....9.....24...47...56........1..9...3..4..3.86......7.5.4.91...........2.7.,3
43..6...765..2...8...8......691.....5......2.1...4...92...54.1.......9.5.....8.4.,3
..........91..63...7..23.5.7.....6..3.82...4..1......25...8.....2.....9...3.951..,3
19.........81..3...2......68..35.1....5..1.9........7.4.9.......3..42.6.5..7.....,3
4.....8....38.....6...3.9.4.6..7...592......6.....1....5.19.6..1..3...7...87..5..,3
......13.1...52..6..463.7.5......8.7..5......29.7.8....58..3....1.....6.9...2....,3
....3...9..5.786...7..9....8.....963....5.2...6.8....4.........6..7.5...7.21..3..,3
3.......9.......65...78....56.89.4.........7...2..6..1...9..2..2..43.95.7...2...8,3
...81.....1.....6...873..2.....6.5..3..19.....75...4..........97....42..1......3.,3
.....1..4.27......1..6.3...36.7.....9...5....8...345........41..51...78......26.9,3
.8...3...5.19...3...46..8......6...8.5..1..4.3.7..8...1....6..24...21....7....5..,3
2....5......4..8.3.1....2.9.6....4..8.5...7..4...6.........738.9.3.2.....7.5...9.,3
...5..9.8.65..1...9..374..........9.6....3.1.31.6.84..4.....2......8..4...1..7...,3
..1..7.3.6...2.....4.86.........876...7.4...5.......123.5..2...2..79.6......8.2.3,3
3..2............12....1.54.....3..89..7.9.3..1..5.....96..5.8.1.3.7.....5....6...,3
.97.......6....8.....61..2...8.4.6..9417..3..7..2...8.4.9..1........9.3.........6,3
1...84.6...4.......7.5.24.....31..9......85....9....2.68...57..93.........56.....,3
8...4....25.....3...936......8.....5.....891.6...9...24.....7.1..5.3.8.......2...,3
8.2.9....3...1.67.71......81..82.7.......3.....4..92........3..2.......6.6..5.842,3
2.59.....7...3..1..3...4.....4..1......7..5.1.6...974.........5...42.8..4.6....29,3
..6...1.9.7...5..49..........5..4...8.....9...1..6.7....8.53...4.18..2......16.5.,3
.7....2..5....3.1....9..............428...59..6....8377..65.4..8...9....1.6....5.,3
........28....51...3..219..1......6.9...42.....8.3.7....5.9...3.17.5.8.....2...5.,3
9....4..5..8....6....29...38....7....4.......3.14....9..534...1..7....3..9.5.....,3
.3..68.9.8.9.....5......1.3...135..9..1...2......7.3...7.9.1..6..86.2...5........,3
.....417..9....5...5..2....57.36.....3...7..6.....9.3..19.4.....2.7..4..4.8......,3
6...1.5.4............9.87......8..52.2.3.......4..1.7...9......5.682...923..4..6.,3
6....9..5......8.29...81.4.3....6...2.......1..417.3....93.25....7.5.......8..9..,3
.4.73.....8......6......58.29..6....3...1.9.....2...615..1.......7...6.4...92.8..,3
.4.....1...7.2.4.....4..7.89......2.3..57..6..5........2...6.3..7.29.1..1...3....,3
7.......9.8.96.....5.12...8....4..2...9...6..3..58..9....2......47.......2.894.5.,3
.6.4.....1...6...59..3...27...6.....5.4..9....13....4....14........8..54.2...6.8.,3
4....5.....63.8.9.38...9.6..1......6..2..4...73..9...59...6385........2....7.....,3
...7..2...8........52..6.1.3...1.6.......985..7..........4.3...59..6...3.....8.25,3
..9.7...1..63.5...45.19....1..4...86.3.....9.......72......1...72..5..1.....4.6..,3
.....3.....2.95..3......497..34..6..14.8..35.........1.2...4...8..3..5.27..1.....,3
....4......9.263..3..1........53.8.7.2..7............4..8..542...7.....15.3.6...8,3
.59.7........1...2.48.3..9..6.....2...739...6.8.4......7.......6.....9.33...6...7,3
46...8..9.......15...3..6..........73....98..9...75..2..9.......7.25....1.6.4.2..,3
21.8..9...4..6923..3.....7....7..6.......4..9....2............6..4.1..8.72...31..,3
..8......6....4..719..2......3...76.........94...13.8...2.378.....2..9.....8...71,3
.5...1.2......34.5764.......2..19....365..7.......7.42..5...8...4.2...5........13,3
6.1...4...9.3..2..2....61.....4.....7......285....2..1.6..5.7.9.....8......791...,3
.6...8.....5...2.7.8.3.49....251..789...87......6..4..5......921.89....4.........,3
4.2.3..1...3.4.5.6.......4.......8..8..41...7.7...9......1...95....8.3..1..9.6...,4
....287.....7.5.3.5....32...67.......2...65.8....4.6..3.6..4..1.1.3....2.......4.,4
..9......6...2...51...46..7.6.......7.3.....1.5.87..36.7.28....9..1..2.........54,4
...5.8...3.8..91...9.6...3........2.1.7...3....58..9.12....17.........94.7..2....,4
.9.......4..1..68...5..4..2.5...3.913.9..2......5......762..3...3..6......2...4.9,4
..2...7......59.2.4...6......1..3.9....5.2.4.94..8.........68.16.........2....5..,4
7....8..1....2.6.94.5..6........723.6..28.5...7.....1.1..9.....28...4....5....1..,4
..1..6...6.....7...8....31...48.3..7..8..295...9.5.......125.8.......6...5.6.....,4
..6.....5......4..5..1...79..4..93...3....7.4.2...3.......1.2431.83........67....,4
...8.6..4.6..4.5...14.3......5.....2.9..1.6..2....31.......7..99.7..13...5.....8.,4
...1....7.6358........6....4.2.36.9......8...98....2..1.......43.8...95......58..,4
5.3........748...58.....1.......8.1..7..5..9.4.......6....62.3...2..18....8.7...9,4
34.....61.....9.7....4..5...95.2.7....6..1...........297..35..8.3.9.7......8.....,4
.....5.....84....2.7.8...39...7.6..1.12.......4....96..5.........9.8.6.......9578,4
8..2.7...26..3...1.4..........7...5........8....41..36.213.....6....95.4..7..6...,4
81.....5..34......2.....8.4..6.59......3..54......7..96....5.82.8..6.9.1...71....,4
.............6.5.3.79..2...4..3..9....6..1.2..17.....8.4..956..9...1....7.8....1.,4
..6.42.1..748.............79..18...6.4...7.2.5........7....18.5..8.....1.1..2..3.,4
4.1.....8..8..63.5.62..1.....6.784..9...1.....7.9...6.....591.........4..1.4..7..,4
.....278.3..9.......9.17...........61...869..7.5.....3.37.9...591..5.4....2......,4
......8....8.7...296.....5..........4.9...6...7.1589.....423...1...8..2..4.9.....,4
.....36.9..9.8...4.3.1...2........6...7.31....1.9...4.84.71..9.1.5......7..2..5..,4
3.....8....49....5..5.1..2..6.4.3.............7..5.3.69....8.4....2.7...1......87,4
....96.....25.8.9....7.4.5..4...9.872.....4..5.6........4...17...8...6.3.1..8....,4
1....6....2.4..6...9...28.....9...7.483...9........214...34.....3..5.1..8......9.,4
...3...4...4..53...2..7...5.....9..3..6..8.7.8.7.5.1...924...3.....9......8.....7,4
.1......4.758.....6....41....32..4.6..1....5..8...9......46...2....7..1......3..8,4
.7...8....8.26........3.1.............65..34.5..4..26..14.....8.....96....8....75,4
.5...7.9.8.1..47.....6...........4.....8....3.45.2.1..5.27..8.4......9....94.3..7,4
4......9......91.8....3..5.5.46.......1....87......9..648....3.3.91.846..........,4
...5.87.6...3...8.35.....9.9.....1.2..78..3.......4....1....6..23..17.....6......,4
.28.9....9..7...85....8..2.1..5....2..4..31..........8..7........9...63..6..79...,4
..36....9.8.9.......5..4.3.1..42......7.6.....26.73..5..12....6.4....91.......7..,4
...581....9.......3....9.756.........7....9.6.48.3........473.1..2....5.81......9,4
....1...58......4.713.......3..945...79...4...24.....8...2...71....872.......98..,4
6974....3.....1.....4....5.473.....61.....2.9......3.....7.2.9...86..........94..,4
....7...593....7....2........9..3.7......2...8...5.2.6....8591....6.....71......4,4
.....3.......4.5.9...5...6..6.2...75..1..89.4..9..7....92.1...3.35.7...6.78......,4
4....87...6.....1...24.....1...2...37.4.5.18......7......68.3...5...24..2....5...,4
92...431..5...6.8....7.....5.....6..3...152........97...........9..7....68.2....9,4
9.2.3..4.53....8..7..8........4.8.9....51.....5...37......4.2.6..1.....82.37..1..,4
.8...1..23.7..........68.....38...7.5..4...1..469.5....65.....7........9.....365.,4
..2..1..76..72..45...........7....32..92...1.8....6...7..1.4......5..3....8..7..4,4
.4371.........2...8..9...2.........7....5.2.1.65....9.7....9.8..9.37.......6..9..,4
..7.9...1....4..936..2...4..4...1.8..1......5..872....8....62.....3.2.....58.....,4
8.27.95...1..4....3..6...........137...2.......4.61..24...9.8....5....7......23.6,4
...9...7..3..7.....1...539...9.5....3.......4..86..2..2............378...7....6.2,4
....1.....3....9...2.5.3..............54.981.8.92.6...6......28.5.6.4..9..7...4.6,4
.....16.8...2..5..4.15.8..2.3.1.4....2...9.....6.5....5...7..39..8...7......12...,4
...7....2..4.3....9.1...63...69..5......51..62...4..........4.5.....67...8..73...,4
5...9..6....1..53.............6...8.2....4...9..53.2.4.9...2..88.135....6.2...35.,4
6.....8....2....514..51...9.8...........83.1...3.75.4...4...57...7..9.......5...6,4
..3.......2..689..9.......2..8....13.4689....2....5..........6.....471..8.75....9,4
15......9.8.2...1.2.31......67....2....84...1......8.....521.......8.65..78..3...,4
..8....96.562.4......8.64.3..7....8..214........3..1...4.6..7.1.....5...........9,4
9.4.3.........6.47.76...8.....2.356....9.........5...3...8..4.2.65.....82...9....,4
...5.8..94......2.6....75....31..........38......9..6.9...8574..7.........5..6...,4
..6..3.....576..4.9..5..2...8..2...52........5.1...3.83..2.8.5......6..1.9.......,4
.1......65..........9...41.45..2.8......47.2.8...6..3..9.37....1.3.94...7.....94.,4
.......799.6.....23....786..1..5.....3.7.1..6...8...1.2..59............7..93...25,4
...7.9........14...1.62....15......92..1......345...8...6...2..3.1...8.6.2..6.53.,4
3......6...1....8..7.8.9..27.3..1...4.8.2.5...1......3...9..3......75..6...64..7.,4
..7.5.39......6..71.....56.....62.1492.1...3.......7......9....839........56.8.7.,4
..6.1...5.1...7..284..6..3.59.8..3.....1......7...94......2.9...........38.4...1.,4
..1.4.2..9.....4..82...3..6.......4..53.8...92.......5....5..1...7.3.......6.89.2,4
.........5..8..469....7....93..6...4..5.2...71....529....6...8.4.....9.6.1......3,4
.4....8......6..42....7............52.9.3...1.674.5.....1....3......92.467.3..9..,4
....7.9.8......4..96......1.16....2......43....5.38....34.9.2..698..2....7.......,4
..73..2....8.1..3.2.......9....6..5..9..2.4..8....3..7.4.5.....1....8..3..9....1.,4
2..6..7.3..3...4..5....2......4.....85....9....7..8.1..8.....35.1...7..66..5.....,4
.......2...7...8..5..94........2.3.79....7..4.8....5....25.....6...94....1..3.2..,4
6....8..4...759...1.....8....6....9.57..24..1.2...5...........34...3.1.....8..94.,4
63.......5......3...2..751...8..24....4.78..5.5....37....48.9.......3.......917.4,4
....2....2..4...367....6......7.1.4.1...9..2..6.8.......9.4.5....217...3..5...1..,4
.....6.8.....5.9..83...7..679.....23...9......6..8......4...731.....8...6.7..54..,4
..8.3..7.6.....394..4...8...4........8..294.....5.......5.862...1......6.9.3.1...,4
....7..8.......73....6.1..9.43......7.8...5..5..14......2..8.64..4.6...13..4.....,4
...19...........5674...82......1...26...24.........37...18...9....5..4...83......,4
.61...3......2....7..8...9.6...98..4..5.3.7.9.4.......4....2..3.5.7...169...51...,4
..2.89........3...6.1....7.1.....3.2.5..3.8....94........7..69....85.7.......6...,4
....47.....6.1.3..9........7....8.9..9...3.12..26....7........4.498..2..3.5...96.,4
..5..3..6.....5.8....26.1..5.....64.....59....4..3...2713.....48..........4...2.9,4
3........9.....61...61245..1..3..........97..82....9..6......2..9..71.6..4......7,4
493.......5..8...........7..365.8...7..2..5.....69...8...9.14.......298.....5..16,4
8..79.....1....4.......5...2......4...1.2.5.37..3.8...9....17.5..2....86.3....91.,4
.........2...675..4.5...2..96...8..........2..2..954.3...9....1......7.81.3.5....,4
...2.8...6..3...925.........7...5.1...49...3.2.31....6.45..1.......2..8.......6..,4
...5.3.8.....8261..5..4........6.7..2....8....38........3671.....2...1.4.......5.,4
.....6....5.1..9....4...5...9.6...3....28...6.8....19...6...3..8.7.......3..94...,4
..73....6....4.2..46..7......34..6.85...9..........13.2..1...8.8....5.....1..9..2,4
....9...8.512...7.7.4....2......63.1....53.621..42........1......7......42.6...8.,4
.7....24..382..6......84.5......2.6..91...32.28.....75.........7..6.3...9...5.4..,4
2.....9..7......3..4.8.....4.157..2.3..2....8.6........5719..........1...3.6.45..,4
.5..63..8.....4.59...1.8....3..9..4......5.8...7.........7.2.9..9......34.8....65,4
.71..346.....9.23.9..........7..2..6..5....8..46..1.........8......36.4....2.5...,4
8...7..16...9.....1.6.....2.......6..........7...8.2.337...5.8..4..3....2..7..9..,4
....475....8..9....346......2......3....6..7...7..41..87..2...425...18....35.....,4
......46.5...2.31..8...6..5...8..5...1...7....23....9......2.5..6.5..2.94..71....,4
...4.9...46...3.7..297.......72..4.55.6......84.....9.....8..21....3....7......5.,4
.9..5..7........4...594.8..2..36.1.....82.6..18........1.5....6.4..1.2...3..8....,4
9.3....4.6...7..8.8..2.......4..7................68235.....59..2..1....3....4..1.,5
..7..4....6.98..5.98......1....2...94..3.6....92..76..5.....8...4...82....164....,5
...1....7.4..938.....62..9..3..8.1....9..4........2.75.56....4..9......82....6...,5
...7.46...7.....2...8.26.3.1...7...33..2.5..7..7.1..6.6319.2....5..6.......1.....,5
.651......4..7..92.......6.9.3..6.....4.......5..834...7...46.5......9.4.....1.2.,5
.....42.54...8.....7..3....9..1...8.........7..5..6.....6..9...8.2.....9....23.51,5
..7....2.24....59......5..4.5.9..8.26....4.3....3.....4.....7....8..6..1.7..1....,5
............9.346.5..2.....9.3.6.71....7......61.....5..7..86.129...........4..3.,5
..78....5....7.1.85..2...7.2.1...846.5.4.....3.......7....8.........46..816..5...,5
...71..4......4..28...........6.51.9.6...1.....2.............7.2.9.7.....43..6.15,5
.47.....2......68.8.9.3........4....5...8..26.8.1.5.4.72..1....9.14............5.,5
.3.1....21....6....5.74....71....5.9......2.4.............7.1...9.53....3..9.4.8.,5
.....7.4...5.1.6.9..1.....7..2.......43.5..7..1...35.42......8.6.9..4..3....8....,5
......6...57.1.3..8.1..2.....8.9..12.1.......4.....86.....2.4.8....5..7...43.9...,5
...73.....1...9.4..6........5...8..9......3..9.....2..7.29..5..83.......5...2...3,5
7.8..6.1..6.7..5..............49.3......2...48...37.5.5.3...8.9.....2.....48..7..,5
.275....1....1.5.........6..69.7.2....49...7...26...5...1..39......81...8..7.....,5
3....8..6.8..1.......2..9....7.....2.9...71...4.8.1...8.....5.3.7..4......5..9.6.,5
..4.....8.9..1..6.2.....7.....2..3.....6.5..4....9.21.7....4..3.4.95...1.6...3...,5
......8....126..3.3....9.1.52.7....3...5....8..4...1....23.6...8.......5..9..1...,5
3.4..5...7.....9.6..91.....9......4......73.1..586.....2..........7..8...4..2.5..,5
4....31....19..7......5146..76....91.......5..3..6..........5...4...9...8...35.4.,5
6..7.......93..6.1.......32......92.3...75......96..5..6......48.1..4......63....,5
....3..526..8..3.1..4..1......9.....5..3....8..1....6..7.....9.2.3.8.5.......9.8.,5
......61..4...9..8....13..2.7.1..8.38.......4.......2.....3......2...56..51.4....,5
6.1.....4.....9.76......35.9....3......7.8....26....1.1.78...45..2.4.......3..6..,5
.68.5.92.......8..9....1..33.1...........9.7....4..3...96.8.....2......4.......85,5
.7...1...8..3......6..251...8....79...4.7...13...9....7...5.....1...8..2......56.,5
4.........67..94.5...8.....3.6.1..9.18..2......53..8...7...3.....3...18....6..5..,5
6.....9.4.7.94..62.....5....3..1.6....42....1.6...352.95.7...8...7.2.............,5
......5.....2.4...4.3....18..86.5.4.....8.63.....2..9..365.....7.1.4........9....,5
.49..2..86...........5...314.5..3.8..92..5......2.......4...7...7.8....6.....4.5.,5
.7........8.62..3.9.3...8..1.54...8...9..7...........4.9.36..2......5......8...69,5
6...7.2.........49..5..37...8.9......6....4.84..3.2....7.4...1.......3....183....,5
.57...4...8..6.2..4............93..83..2..7....98...6...5.7..9...6..8.57.....9...,5
.2.....7.........95..48..237....8.1.6....14..........8.6.92...1.....67..1.8.5.9..,5
...2....6.2.3....79....4..2...5...4.....8.52.6.......1.....7.......6.9..1..45..6.,5
76......1.256.79......9......1...2...3.2..78.27....1.6.....9......5.......7.4...3,5
2..4..8...95...3........2......8...58.32.1.......6...29.81.7........6..91........,5
.1......2..3.....726.4.3.......172...39.52....2.9..6.....596..3.......1.......956,5
57....98.......7.5.....9.2..3..2....16...4....8...1...3...82.1...71....4.4..3....,5
.........4...5.38......8..2...76.8..5.....97...6..1...95.1.......4..2.3..6.3....1,5
..3........6....4118....9.5.....9.1..7.....2.....6..733...98....42..3...8..5..3..,5
71......9..3.27.....5..9.8.5...8.1......5..9...6..3..2..7..84..6..7....3.3.6.....,5
7..........5..67.....3....4..3.8......9.32..1.1...94..6.1..85...9.2....8.8.1.....,5
..3.......756.8....6..14...71..4.8.......27..6.......1...9..2..95...1..7......3..,5
4.163....8...5....7.....16..4.2..3......7..8......69.4.....86.9.9....5....2.4....,5
.6...78.3..43.....1...2.......9..........39.739.87..5...6....2...2.....8...65....,5
.4.56.........9..75....2..3.......3.9.3....24.8....9.1..6.1..5.......4...9...421.,5
......4..7.28......34.5....3......24.9....5.....56..1..8.4....9...61...2...3...85,5
.56..718.....1.3..4........6..9...5.2....47.........6..4...3......1..5.8.9..7...2,5
..2.3.4......9..6..9.2.5..3.......7....9..1.284..2.3..67.......5...........7.39..,5
..........61.57...79..61..2..873......2....8.5.........3....6.1..461...8.....3.9.,5
....6....8....4.....25..39..2...195.9...7..........23.7...9.64....7....3...3..5..,5
..6..98...7..4..3..9...8...7.....38..4.9..5..........13....6...5...7.14...7....6.,5
..3.4.6.1.1..37..9...8...2.7....6.....547.....2..9....3.....58...2..3.6...9.6....,5
...962..8..........4........2.18..3..5.......68...4..126.4..7...9...6......7.5.4.,5
32.9.54.1.1..........83.92.2....7..34761..................5....5.4...8.....4.21..,5
........5......2.6...9.2.17..6.7........3.4.8.32..6...2.3.......98..3..2.61....8.,5
..5.....9.94..2.636..7.......1.........6.9....8.....24.2.3..1....791..5......84..,5
.9..1........4..6...35....2..5.......2.8.9....6...71...8....6.5....7......2.6...9,5
1....6.4.7...9.21.........9..4...8..8.59.1..4...38......1..3..6..9.....56..7.....,5
.5.49...6.....329.......5.8.38...1..1...3..2.....79....86..2.5..9...6...2.7......,5
.........1......38..62.3.1.....5.8.....7...56..4.....9.8....5....217....93...26.1,5
.7......1.........6.5...7.3...38..4..6.7.1....28..9.7.4..6..5...52..3......4....9,5
....8.4.52..65....54.......1..2...74...7.98.27......6...1.9....6.2.....9......1.8,5
.2.....81..51.........473....65...4824.....6.......9.3.9..........7....4814.6..2.,5
.5......4....35.8.127........5.....9.4....7......7.83..3..5..7......942..6...8...,5
..7...563.2...........9.....61...........62....54..78....784..1..65..8.2.......4.,5
..3.6....19......5.....3.8...24...6...1.5...9..98.6.4..2.6.7...5.......4......9..,5
.47....1......6.373..........82...6...2.....9...345..........5..7..5...665.8.1.2.,5
...74......2...9..54...1..8..8..9..6.....7....5.8...3.71....4........8.5.265.....,5
....6...1.87...5....24..3.8..8....3.91....2..3..7.9.8........4.86.9.....2..3.....,5
.3.7.........1489....96..1.3..4.6..8......5..26........24..5.......2...6.1.6.....,5
..1.4..6...9......4..5...3.9...2.35.3..9.1....27.....9.7.25.........76.....8...45,5
......15.3.7.1..621....7...8.3..26.........2.6...5.3..74..6.......12..9..8.....1.,5
..2...4..49..7..8.....9.3.....8...7..7..3......86....56..3......8...2..1....4.9..,5
..5..14.88......6.....7.91.6..3....5.....48...7.9..............58.1..2.64...2....,5
.2.6...9....93.6....7..2...5....8.7..3..9....79.4....1.......4.1.4.......7..2.1.9,5
...5......5.7.6.......4175..9368.4..4........8.....9..1......98..6.5....7..9....2,5
.1....7.6.....5.4...9.8...2..8.4....6....3......2..43...3..71...........8.5.9...7,5
.3.8..6....4...7..9....6..5..5.....7.6..3.......9.8.4...9.........2......17..58.9,5
..16.42.....21....3..9.....9.8.6.........2.9.2.35...6..4.85.6.98......75........1,5
..2.98...91..5.4....4..2.....7...54....3..7..1..9....6....6.1......84.7..8....9..,5
..4...6..13...........41.2..45.8....82......9..752........9..16......74.7...1.2.8,5
6..7...9...1.6...2.8..4....4...3.........5..1..78...6..2......5..8......14..297..,5
.4.2..5..1.2..7........6.1...3.5...6..74.3....5....8...7...1428..........2.6....9,5
...5...2..67...1.........9....42.7..........32....5.865..9.......1..28...9..18...,5
..7.13..5.6....8.....5..9......36..4..2....3...8..7..94.6.......9.....2..7.9.1...,5
23...5..9....8..1.7..4....3.8....5....48.....3.1.5..4.12.7...3...............62..,5
..78...2......3.7.3...9.5..14.6..2...72....4......1....3..1...9..9.3.6....8.6....,5
........6.45.3...8.3...8.7..517...64.....52..4.....7..57.8...9....6.2....9.....4.,5
....267...84..3.........6....34.....5.6..79..9......8.4.7..53.........6....1.....,5
2.........1529..7..8.6.........6...28..52.....7..314.5.3..1...77.....3.......5..4,5
31..7...4..9.3..6.5.4........38..1.7......8...8.6.7.......842..............39..45,5
..3.2....5.......6.6..7.9.17....13....9....5..8...2..99..3..4....8..6.....4...7..,5
..9...8..6..37......5..4...........25.2...68.4....5.1...87.153.....8.2.9.........,5
..5....41.4..9..3......7...45....2.6.........63..7...5..8.4.9...2...3.5...9..8...,5
.6........5.4...3.3....69.7........6...1.948.2...8..9...7.9..5..9...5.1....7.4...,5
7.3.8126..2...75......6.....87.2..1.4..7...2.1....6.....9.4..7....2..8.........4.,5
E.8..A.6.....3.F...F0.1....EB.8..A9..2....B..5.....4F....3.0C..E.3....49.02...A.F.A...2..C..9...........1.EF.03....B36..9A..FC..0.....E5.6.8..7.8..7.40.....5F6.AFE......2...1....4127......E.B.3..D.5..8.F..70..2.A6.B.3.D....4.E.......9.A8..B49....F1..C5...2,5
D4..EC.A.....5.1B.8.4..2.1D....3....7......BF.D......0...8AE.9.60.4.....1.C.BF..6A..B1.F395.2...5..3..8...F......1..2.4..E8..A...3.E1..50A....82.D.....0....94.51.05.8B.4F.2E.......6........C.A.05..........3.DA.325....D....9...CDF..3.62....E...BD....CE.68..,5
